<?xml version="1.0" encoding="UTF-8" standalone="yes"?>
<addon id="plugin.program.droidreborn" name="Droid Reborn" version="0.0.1" provider-name="NONEYA">
  <requires>
    <import addon="xbmc.python" version="2.1.0"/>
  </requires>
  <extension point="xbmc.python.pluginsource" library="default.py">
    <provides>executable</provides>
  </extension>
  <extension point="xbmc.service" library="startup.py" start="startup" />
  <extension point="xbmc.addon.metadata">
    <summary lang="en">Droid Reborn</summary>
    <description lang="en">DROID REBORN allows you to get access to the latest Custom Builds.</description>
    <platform>all</platform>
  </extension>
</addon>